motif_id	motif_alt_id	consensus	E-value	bin_location	sites_in_bin	total_sites	p_success
CMTCTCYCTTCTCMV	MEME-3	CMTCTCYCTTCTCMV	1.1e-11	0	67	136	0.17695
GHKGCCAVWSAGKGG	MEME-1	GHKGCCAVWSAGKGG	9.8e-10	0	35	50	0.1893
TKSCATGCTTSCYTG	MEME-2	TKSCATGCTTSCYTG	1.3e-05	0	15	16	0.17695
MA0739.1	Hic1	RTGCCAACY	0.00023	0	14	133	0.0122
MA1618.1	Ptf1a	NNACAGATGTTNN	0.00046	0	14	139	0.0123
MA0698.1	ZBTB18	NATCCAGATGTKB	0.0011	0	54	93	0.29098
MA0832.1	Tcf21	RYAACAGCTGTTRN	0.0012	0	7	26	0.01027
MA0521.1	Tcf12	RACAGCTGSNV	0.0016	0	11	85	0.01224
MA0101.1	REL	BGGRNWTTCC	0.002	0	83	116	0.45418
MA0783.1	PKNOX2	TGACAGGTGTCA	0.0024	0	6	17	0.01022
MA1522.1	MAZ	BBCCCCTCCCY	0.0039	0	34	91	0.13878
MA0738.1	HIC2	RTGCCCRSB	0.01	0	13	151	0.0122
MA0500.2	MYOG	NDRCAGCTGYHN	0.012	0	11	122	0.01022
MA1641.1	MYF5	NVACAGCTGTBN	0.015	0	11	125	0.01022
MA0669.1	NEUROG2	RACATATGTC	0.015	0	33	74	0.17719
MA0048.2	NHLH1	CGCAGCTGCK	0.015	0	10	99	0.01018
MA1619.1	Ptf1a(var.2)	NNACAGCTGTNN	0.018	0	11	127	0.01022
4-RCAAGGVAGCW	STREME-4	RCAAGGVAGCW	0.025	0	94	126	0.51837
MA1635.1	BHLHE22(var.2)	NVCAGCTGBN	0.034	0	8	60	0.01018
MA1550.1	PPARD	HRRGGTCAAAGGTCAN	0.034	0	25	25	0.53814
MA1653.1	ZNF148	YBCCCCTCCCCC	0.046	0	27	109	0.08384
2-CAGATGS	STREME-2	CAGATGS	0.05	0	50	137	0.17814
MA1109.1	NEUROD1	NRACAGATGGYNN	0.055	0	12	145	0.0123
MA0059.1	MAX::MYC	RASCACGTGGT	0.064	0	34	53	0.30204
MA1563.1	SOX18	VACAAYGS	0.066	0	27	154	0.05882
MA0144.2	STAT3	YTTCYKGGAAD	0.083	0	94	104	0.69796
MA0809.2	TEAD4	NNACATTCCARN	0.086	0	81	121	0.44376
MA0778.1	NFKB2	AGGGGAWTCCCCY	0.1	0	6	14	0.02459
MA0691.1	TFAP4	AWCAGCTGWT	0.1	0	8	69	0.01018
MA1629.1	Zic2	NDCACAGCAGGDRG	0.1	0	119	125	0.79466
MA0736.1	GLIS2	GACCCCCCGCRAMG	0.12	0	11	27	0.06776
MA1467.1	ATOH1(var.2)	AACAGCTGTC	0.21	0	9	102	0.01018
MA1620.1	Ptf1a(var.3)	NVACACCTGTNN	0.23	0	10	132	0.01022
MA1621.1	Rbpjl	NNVACACCTGTBNN	0.26	0	10	133	0.01027
MA1123.2	TWIST1	NNDCCAGATGTBN	0.26	0	13	150	0.01639
MA0479.1	FOXH1	BNSAATCCACA	0.34	0	38	80	0.23265
MA0797.1	TGIF2	TGACAGSTGTCA	0.44	0	6	38	0.01022
MA1100.2	ASCL1	VGCAGCTGCN	0.49	0	10	144	0.01018
MA0141.3	ESRRB	TCAAGGTCAWW	0.53	0	13	31	0.09796
MA0816.1	Ascl2	ARCAGCTGCY	0.54	0	9	114	0.01018
1-ATTGTG	STREME-1	ATTGTG	0.56	0	26	152	0.06263
MA0116.1	Znf423	GSMMCCYARGGKKBM	0.59	0	10	13	0.16872
MA0259.1	ARNT::HIF1A	VBACGTGC	0.64	0	69	82	0.60649
MA1106.1	HIF1A	SBACGTGCNN	0.73	0	51	60	0.5723
MA1642.1	NEUROG2(var.2)	NNVACAGATGGNN	0.78	0	12	141	0.01639
MA0597.1	THAP1	YTGCCCDBA	0.83	0	48	153	0.16667
MA0737.1	GLIS3	GACCCCCCACGAAG	0.87	0	6	9	0.06366
MA0820.1	FIGLA	WMCACCTGKW	0.88	0	9	121	0.01018
MA0607.1	Bhlha15	SCATATGT	0.98	0	8	93	0.01014
MA0799.1	RFX4	NGTWRCCATGGYWACS	1.1	0	21	24	0.42268
MA1593.1	ZNF317	WVACAGCAGAYW	1.1	0	21	147	0.04703
MA1122.1	TFDP1	VSGCGGGAAVN	1.1	0	61	101	0.38367
MA1638.1	HAND2	NVCAGATGNN	1.2	0	76	111	0.47454
MA0499.2	MYOD1	NNGCACCTGTCNB	1.2	0	10	133	0.0123
MA1574.1	THRB	RRGGTCAAAGGTCAN	1.4	0	51	68	0.4856
MA0808.1	TEAD3	RCATTCCW	1.5	0	56	90	0.39148
MA0461.2	Atoh1	RMCATATGBY	1.7	0	9	131	0.01018
MA0751.1	ZIC4	GRCCCCCCGCKGYGH	1.9	0	83	97	0.65844
MA0827.1	OLIG3	AMCATATGBY	1.9	0	67	106	0.42159
MA1472.1	BHLHA15(var.2)	RVCAGCTGYB	1.9	0	11	148	0.01426
MA1644.1	NFYC	RDCCAATCASN	2	0	72	123	0.39184
MA0696.1	ZIC1	GACCCCCYGCTGTG	2.1	0	29	29	0.67556
MA1114.1	PBX3	NNNTGAGTGACAGGBNN	2.1	0	127	138	0.77686
MA1616.1	Prdm15	NRGAAAACCTGGAVN	2.3	0	69	129	0.34979
MA1148.1	PPARA::RXRA	AWNTRGGTYAAAGGTCAN	2.6	0	83	137	0.42443
MA0861.1	TP73	DRCATGTCNNRACAYGYM	2.7	0	21	30	0.31263
MA0671.1	NFIX	NNTGCCAAN	3	0	10	148	0.0122
MA1491.1	GLI3	VGACCACCCACGDHG	3.2	0	11	48	0.04938
MA1583.1	ZFP57	NNVTTGCCGCANN	3.2	0	44	58	0.48361
MA0771.1	HSF4	TTCTAGAABNTTC	3.6	0	8	92	0.0123
MA1578.1	VEZF1	CCCCCCMYDH	4.6	0	5	56	0.00611
MA0507.1	POU2F2	YDNATTTGCATRT	5	0	6	71	0.0082
5-GATTAGC	STREME-5	GATTAGC	5.1	0	38	112	0.17814
MA0664.1	MLXIPL	RTCACGTGAT	5.2	0	35	63	0.30346
MA0519.1	Stat5a::Stat5b	DTTTCCMAGAA	5.2	0	77	97	0.59592
MA0595.1	SREBF1	VTCACCCCAY	5.2	0	42	58	0.45418
MA1560.1	SOHLH2	YGCACGTGCN	6.1	0	37	74	0.27495
MA1599.1	ZNF682	BVGGCYAAGCCCCWNY	6.1	0	11	91	0.0268
MA1570.1	TFAP4(var.2)	AHCATRTGDT	6.5	0	8	120	0.01018
MA1115.1	POU5F1	WHATGCAAATN	7.1	0	11	136	0.01633
MA0078.1	Sox17	NHYATTGTS	7.4	0	22	149	0.05691
MA0107.1	RELA	GGGRATTTCC	7.8	0	8	43	0.03055
MA0745.2	SNAI2	NBGCACCTGTMNY	8	0	8	103	0.0123
MA1631.1	ASCL1(var.2)	NNGCACCTGCYNB	9.1	0	9	135	0.0123
			NA	NA	NA	NA	NA
			NA	NA	NA	NA	NA
			NA	NA	NA	NA	NA
