Query_ID	Target_ID	Optimal_offset	p-value	E-value	q-value	Overlap	Query_consensus	Target_consensus	Orientation
1-ATTGTG	MA0102.4	2	0.000459288	0.342629	0.685257	6	ATTGTG	ATATTGTGCAATAA	-
1-ATTGTG	MA0836.2	2	0.00112482	0.839115	0.722166	6	ATTGTG	ATATTGTGCAATA	-
2-CAGATGS	MA1638.1	2	0.000289351	0.215856	0.264138	7	CAGATGC	ACCAGATGGC	+
2-CAGATGS	MA0607.1	1	0.000531217	0.396288	0.264138	7	CAGATGC	ACATATGG	-
2-CAGATGS	MA1642.1	4	0.000678768	0.506361	0.264138	7	CAGATGC	GGAACAGATGGCA	+
2-CAGATGS	MA1109.1	3	0.00072487	0.540753	0.264138	7	CAGATGC	GGACAGATGGCAG	+
3-CGGGAGGCS	MA1596.1	2	7.98494e-05	0.0595676	0.119092	9	CGGGAGGCG	CTCGGGAGGCTGAGGC	-
3-CGGGAGGCS	MA0528.2	2	0.000796936	0.594514	0.594298	9	CGGGAGGCG	GGGGGGAGGAGG	+
5-GATTAGC	MA0648.1	3	0.000337601	0.25185	0.494455	7	GATTAGC	GGGGATTAGC	-
5-GATTAGC	MA1480.1	2	0.000742128	0.553627	0.503206	7	GATTAGC	GGGATTATCT	-
6-TTAATGCA	MA0874.1	9	0.00065617	0.489502	0.794892	8	TTAATGCA	GTCCATTAATTAATGGA	+

# Tomtom (Motif Comparison Tool): Version 5.5.8 compiled on May 19 2025 at 00:33:59
# The format of this file is described at https://meme-suite.org/meme/doc/tomtom-output-format.html.
# tomtom -verbosity 1 -oc IP_meme/streme_tomtom_out -min-overlap 5 -dist pearson -evalue -thresh 1 -no-ssc IP_meme/streme_out/streme.xml jaspar.meme
